num_train_samples,epochs,batch_size,train_time_sec,test_loss,test_accuracy
300,200,20,7.761623382568359,0.011833807453513145,1.0
600,200,20,9.561872959136963,0.005791828967630863,1.0
900,200,20,12.074384927749634,0.01402963139116764,1.0
1500,200,20,16.54280996322632,0.08282459527254105,0.9375
