num_train_samples,epochs,batch_size,train_time_sec,test_loss,test_accuracy,epoch_90_accuracy,epoch_95_accuracy
300,200,20,14.377645254135132,0.0097087835893034,1.0,17,23
600,200,20,17.343483448028564,0.0048505826853215,1.0,19,24
900,200,20,21.567681312561035,0.0019805510528385,1.0,6,7
1500,200,20,28.11476850509644,0.0019428682280704,1.0,10,16
