epoch,loss,accuracy,val_loss,val_accuracy
1,2.0035581588745117,0.30751708149909973,1.4863572120666504,0.4346153736114502
2,0.985288143157959,0.6662870049476624,0.6611894965171814,0.8307692408561707
3,0.4938770830631256,0.8473803997039795,0.4935768246650696,0.8423076868057251
4,0.3571373522281647,0.8883826732635498,0.4099152386188507,0.8807692527770996
5,0.28380754590034485,0.9145786166191101,0.3630260229110718,0.8999999761581421
6,0.19537410140037537,0.9419134259223938,0.25087982416152954,0.942307710647583
7,0.17278654873371124,0.9510250687599182,0.3429001271724701,0.9192307591438293
8,0.12421820312738419,0.9635535478591919,0.2737782895565033,0.9384615421295166
9,0.1007644385099411,0.9715262055397034,0.29912081360816956,0.9269230961799622
10,0.09077611565589905,0.9738041162490845,0.26830580830574036,0.9230769276618958
11,0.09943205118179321,0.9703872203826904,0.34551769495010376,0.9269230961799622
12,0.06744623184204102,0.981776773929596,0.39170050621032715,0.9153845906257629
13,0.06298903375864029,0.984054684638977,0.25683122873306274,0.9384615421295166
14,0.036568883806467056,0.9908883571624756,0.2316017895936966,0.9384615421295166
15,0.07855630666017532,0.9738041162490845,0.2697044909000397,0.9230769276618958
16,0.036492083221673965,0.9886105060577393,0.3591468334197998,0.9230769276618958
17,0.02731434814631939,0.9908883571624756,0.26230499148368835,0.9307692050933838
18,0.03692036494612694,0.9886105060577393,0.2735752761363983,0.942307710647583
19,0.013441014103591442,0.9977220892906189,0.25762611627578735,0.9384615421295166
20,0.0124095743522048,0.9954441785812378,0.5611421465873718,0.9038461446762085
21,0.014964526519179344,0.9965831637382507,0.27361202239990234,0.9461538195610046
22,0.021683627739548683,0.9931662678718567,0.33680304884910583,0.9384615421295166
23,0.013753733597695827,0.9965831637382507,0.34478864073753357,0.9307692050933838
